event,time,magnitude,e_magnitude,upperlimit,band,instrument,telescope,source
SN2004gs,53350.5,17.1,,,,,,"2004IAUC.8453....3F,Latest Supernovae"
SN2004gs,53352.33138,17.416,0.008,,B,,,2010AJ....139..519C
SN2004gs,53352.33138,17.258,0.093,,V,,,2010AJ....139..519C
SN2004gs,53352.33138,17.291,0.010,,g,,,2010AJ....139..519C
SN2004gs,53352.33138,17.397,0.020,,i,,,2010AJ....139..519C
SN2004gs,53352.33138,17.204,0.009,,r,,,2010AJ....139..519C
SN2004gs,53352.33138,18.183,0.043,,u,,,2010AJ....139..519C
SN2004gs,53353.30048,17.346,0.007,,B,,,2010AJ....139..519C
SN2004gs,53353.30048,17.241,0.008,,V,,,2010AJ....139..519C
SN2004gs,53353.30048,17.201,0.006,,g,,,2010AJ....139..519C
SN2004gs,53353.30048,17.378,0.009,,i,,,2010AJ....139..519C
SN2004gs,53353.30048,17.120,0.007,,r,,,2010AJ....139..519C
SN2004gs,53353.30048,18.086,0.014,,u,,,2010AJ....139..519C
SN2004gs,53353.45,17.34600,0.02100,,B,,kait3,"2012MNRAS.425.1789S,2010ApJS..190..418G"
SN2004gs,53353.45,16.93000,0.01600,,I,,kait3,"2012MNRAS.425.1789S,2010ApJS..190..418G"
SN2004gs,53353.45,16.93000,0.01600,,R,,kait3,"2012MNRAS.425.1789S,2010ApJS..190..418G"
SN2004gs,53353.45,17.27000,0.01700,,V,,kait3,"2012MNRAS.425.1789S,2010ApJS..190..418G"
SN2004gs,53353.58,17.31900,0.01000,,B,,nickel,"2012MNRAS.425.1789S,2010ApJS..190..418G"
SN2004gs,53353.58,17.13900,0.04200,,I,,nickel,"2012MNRAS.425.1789S,2010ApJS..190..418G"
SN2004gs,53353.58,17.02000,0.02100,,R,,nickel,"2012MNRAS.425.1789S,2010ApJS..190..418G"
SN2004gs,53353.58,17.25200,0.01100,,V,,nickel,"2012MNRAS.425.1789S,2010ApJS..190..418G"
SN2004gs,53354.40,17.31200,0.02800,,B,,nickel,"2012MNRAS.425.1789S,2010ApJS..190..418G"
SN2004gs,53354.40,16.99000,0.01600,,R,,nickel,"2012MNRAS.425.1789S,2010ApJS..190..418G"
SN2004gs,53354.40,17.20900,0.01700,,V,,nickel,"2012MNRAS.425.1789S,2010ApJS..190..418G"
SN2004gs,53354.42,17.27100,0.02100,,B,,kait3,"2012MNRAS.425.1789S,2010ApJS..190..418G"
SN2004gs,53354.42,16.89100,0.02300,,I,,kait3,"2012MNRAS.425.1789S,2010ApJS..190..418G"
SN2004gs,53354.42,16.89100,0.02300,,R,,kait3,"2012MNRAS.425.1789S,2010ApJS..190..418G"
SN2004gs,53354.42,17.19900,0.02000,,V,,kait3,"2012MNRAS.425.1789S,2010ApJS..190..418G"
SN2004gs,53355.39,17.24400,0.02400,,B,,kait3,"2012MNRAS.425.1789S,2010ApJS..190..418G"
SN2004gs,53355.39,16.89900,0.01200,,I,,kait3,"2012MNRAS.425.1789S,2010ApJS..190..418G"
SN2004gs,53355.39,16.89900,0.01200,,R,,kait3,"2012MNRAS.425.1789S,2010ApJS..190..418G"
SN2004gs,53355.39,17.19700,0.01400,,V,,kait3,"2012MNRAS.425.1789S,2010ApJS..190..418G"
SN2004gs,53356.32257,17.268,0.007,,B,,,2010AJ....139..519C
SN2004gs,53356.32257,17.099,0.009,,V,,,2010AJ....139..519C
SN2004gs,53356.32257,17.112,0.007,,g,,,2010AJ....139..519C
SN2004gs,53356.32257,17.402,0.010,,i,,,2010AJ....139..519C
SN2004gs,53356.32257,17.010,0.007,,r,,,2010AJ....139..519C
SN2004gs,53356.32257,18.135,0.016,,u,,,2010AJ....139..519C
SN2004gs,53356.40,17.29300,0.02300,,B,,kait3,"2012MNRAS.425.1789S,2010ApJS..190..418G"
SN2004gs,53356.40,16.83800,0.01400,,I,,kait3,"2012MNRAS.425.1789S,2010ApJS..190..418G"
SN2004gs,53356.40,16.83800,0.01400,,R,,kait3,"2012MNRAS.425.1789S,2010ApJS..190..418G"
SN2004gs,53356.40,17.15600,0.02200,,V,,kait3,"2012MNRAS.425.1789S,2010ApJS..190..418G"
SN2004gs,53357.26423,17.305,0.008,,B,,,2010AJ....139..519C
SN2004gs,53357.26423,17.077,0.009,,V,,,2010AJ....139..519C
SN2004gs,53357.26423,17.128,0.007,,g,,,2010AJ....139..519C
SN2004gs,53357.26423,17.414,0.010,,i,,,2010AJ....139..519C
SN2004gs,53357.26423,17.002,0.007,,r,,,2010AJ....139..519C
SN2004gs,53357.26423,18.233,0.014,,u,,,2010AJ....139..519C
SN2004gs,53357.39,17.29300,0.02000,,B,,kait3,"2012MNRAS.425.1789S,2010ApJS..190..418G"
SN2004gs,53357.39,16.88700,0.01400,,I,,kait3,"2012MNRAS.425.1789S,2010ApJS..190..418G"
SN2004gs,53357.39,16.88700,0.01400,,R,,kait3,"2012MNRAS.425.1789S,2010ApJS..190..418G"
SN2004gs,53357.39,17.15000,0.02800,,V,,kait3,"2012MNRAS.425.1789S,2010ApJS..190..418G"
SN2004gs,53358.44,17.33600,0.02100,,B,,kait3,"2012MNRAS.425.1789S,2010ApJS..190..418G"
SN2004gs,53358.44,16.86700,0.01700,,I,,kait3,"2012MNRAS.425.1789S,2010ApJS..190..418G"
SN2004gs,53358.44,16.86700,0.01700,,R,,kait3,"2012MNRAS.425.1789S,2010ApJS..190..418G"
SN2004gs,53358.44,17.13800,0.02000,,V,,kait3,"2012MNRAS.425.1789S,2010ApJS..190..418G"
SN2004gs,53359.38,17.44100,0.02300,,B,,kait3,"2012MNRAS.425.1789S,2010ApJS..190..418G"
SN2004gs,53359.38,16.87500,0.01600,,I,,kait3,"2012MNRAS.425.1789S,2010ApJS..190..418G"
SN2004gs,53359.38,16.87500,0.01600,,R,,kait3,"2012MNRAS.425.1789S,2010ApJS..190..418G"
SN2004gs,53359.38,17.14100,0.02800,,V,,kait3,"2012MNRAS.425.1789S,2010ApJS..190..418G"
SN2004gs,53360.39,17.51900,0.04200,,B,,kait3,"2012MNRAS.425.1789S,2010ApJS..190..418G"
SN2004gs,53360.39,16.88100,0.02300,,I,,kait3,"2012MNRAS.425.1789S,2010ApJS..190..418G"
SN2004gs,53360.39,16.88100,0.02300,,R,,kait3,"2012MNRAS.425.1789S,2010ApJS..190..418G"
SN2004gs,53360.39,17.15100,0.02700,,V,,kait3,"2012MNRAS.425.1789S,2010ApJS..190..418G"
SN2004gs,53361.25185,17.589,0.009,,B,,,2010AJ....139..519C
SN2004gs,53361.25185,17.155,0.010,,V,,,2010AJ....139..519C
SN2004gs,53361.25185,17.347,0.009,,g,,,2010AJ....139..519C
SN2004gs,53361.25185,17.567,0.013,,i,,,2010AJ....139..519C
SN2004gs,53361.25185,17.059,0.008,,r,,,2010AJ....139..519C
SN2004gs,53361.25185,18.731,0.019,,u,,,2010AJ....139..519C
SN2004gs,53362.25899,17.708,0.009,,B,,,2010AJ....139..519C
SN2004gs,53362.25899,17.900,0.016,,J,,,2010AJ....139..519C
SN2004gs,53362.25899,17.200,0.009,,V,,,2010AJ....139..519C
SN2004gs,53362.25899,17.651,0.014,,Y,,,2010AJ....139..519C
SN2004gs,53362.25899,17.431,0.009,,g,,,2010AJ....139..519C
SN2004gs,53362.25899,17.651,0.014,,i,,,2010AJ....139..519C
SN2004gs,53362.25899,17.120,0.009,,r,,,2010AJ....139..519C
SN2004gs,53362.25899,18.870,0.025,,u,,,2010AJ....139..519C
SN2004gs,53362.42,17.74800,0.04400,,B,,kait3,"2012MNRAS.425.1789S,2010ApJS..190..418G"
SN2004gs,53362.42,16.99900,0.01900,,I,,kait3,"2012MNRAS.425.1789S,2010ApJS..190..418G"
SN2004gs,53362.42,16.99900,0.01900,,R,,kait3,"2012MNRAS.425.1789S,2010ApJS..190..418G"
SN2004gs,53362.42,17.22500,0.02400,,V,,kait3,"2012MNRAS.425.1789S,2010ApJS..190..418G"
SN2004gs,53363.28045,17.833,0.012,,B,,,2010AJ....139..519C
SN2004gs,53363.28045,17.667,0.039,,H,,,2010AJ....139..519C
SN2004gs,53363.28045,17.986,0.040,,J,,,2010AJ....139..519C
SN2004gs,53363.28045,17.265,0.011,,V,,,2010AJ....139..519C
SN2004gs,53363.28045,17.683,0.015,,Y,,,2010AJ....139..519C
SN2004gs,53363.28045,17.526,0.009,,g,,,2010AJ....139..519C
SN2004gs,53363.28045,17.731,0.015,,i,,,2010AJ....139..519C
SN2004gs,53363.28045,17.183,0.010,,r,,,2010AJ....139..519C
SN2004gs,53363.28045,18.986,0.030,,u,,,2010AJ....139..519C
SN2004gs,53363.37,17.89200,0.03700,,B,,kait3,"2012MNRAS.425.1789S,2010ApJS..190..418G"
SN2004gs,53363.37,17.04400,0.02000,,I,,kait3,"2012MNRAS.425.1789S,2010ApJS..190..418G"
SN2004gs,53363.37,17.04400,0.02000,,R,,kait3,"2012MNRAS.425.1789S,2010ApJS..190..418G"
SN2004gs,53363.37,17.33300,0.02300,,V,,kait3,"2012MNRAS.425.1789S,2010ApJS..190..418G"
SN2004gs,53364.37,17.90300,0.06800,,B,,kait3,"2012MNRAS.425.1789S,2010ApJS..190..418G"
SN2004gs,53364.37,17.07600,0.03000,,I,,kait3,"2012MNRAS.425.1789S,2010ApJS..190..418G"
SN2004gs,53364.37,17.07600,0.03000,,R,,kait3,"2012MNRAS.425.1789S,2010ApJS..190..418G"
SN2004gs,53364.37,17.35100,0.03700,,V,,kait3,"2012MNRAS.425.1789S,2010ApJS..190..418G"
SN2004gs,53365.24264,18.096,0.021,,B,,,2010AJ....139..519C
SN2004gs,53365.24264,17.395,0.015,,V,,,2010AJ....139..519C
SN2004gs,53365.24264,17.722,0.016,,g,,,2010AJ....139..519C
SN2004gs,53365.24264,17.836,0.017,,i,,,2010AJ....139..519C
SN2004gs,53365.24264,17.289,0.012,,r,,,2010AJ....139..519C
SN2004gs,53365.24264,19.217,0.075,,u,,,2010AJ....139..519C
SN2004gs,53366.26744,17.812,0.028,,H,,,2010AJ....139..519C
SN2004gs,53366.26744,18.306,0.018,,J,,,2010AJ....139..519C
SN2004gs,53366.26744,17.667,0.015,,Y,,,2010AJ....139..519C
SN2004gs,53369.26532,18.119,0.108,,g,,,2010AJ....139..519C
SN2004gs,53372.24282,19.068,0.026,,B,,,2010AJ....139..519C
SN2004gs,53372.24282,18.004,0.013,,V,,,2010AJ....139..519C
SN2004gs,53372.24282,18.614,0.017,,g,,,2010AJ....139..519C
SN2004gs,53372.24282,17.868,0.013,,i,,,2010AJ....139..519C
SN2004gs,53372.24282,17.614,0.009,,r,,,2010AJ....139..519C
SN2004gs,53372.24282,20.218,0.091,,u,,,2010AJ....139..519C
SN2004gs,53373.27954,19.201,0.029,,B,,,2010AJ....139..519C
SN2004gs,53373.27954,18.071,0.014,,V,,,2010AJ....139..519C
SN2004gs,53373.27954,18.784,0.018,,g,,,2010AJ....139..519C
SN2004gs,53373.27954,17.865,0.014,,i,,,2010AJ....139..519C
SN2004gs,53373.27954,17.660,0.009,,r,,,2010AJ....139..519C
SN2004gs,53373.27954,20.633,0.136,,u,,,2010AJ....139..519C
SN2004gs,53374.25278,17.557,0.034,,H,,,2010AJ....139..519C
SN2004gs,53374.25278,18.228,0.024,,J,,,2010AJ....139..519C
SN2004gs,53374.25278,17.337,0.013,,Y,,,2010AJ....139..519C
SN2004gs,53375.25365,17.530,0.034,,H,,,2010AJ....139..519C
SN2004gs,53375.25365,18.205,0.030,,J,,,2010AJ....139..519C
SN2004gs,53375.25365,17.276,0.022,,Y,,,2010AJ....139..519C
SN2004gs,53376.29498,19.517,0.018,,B,,,2010AJ....139..519C
SN2004gs,53376.29498,18.334,0.014,,V,,,2010AJ....139..519C
SN2004gs,53376.29498,19.089,0.017,,g,,,2010AJ....139..519C
SN2004gs,53376.29498,17.876,0.014,,i,,,2010AJ....139..519C
SN2004gs,53376.29498,17.823,0.010,,r,,,2010AJ....139..519C
SN2004gs,53376.29498,20.806,0.083,,u,,,2010AJ....139..519C
SN2004gs,53377.22471,19.564,0.020,,B,,,2010AJ....139..519C
SN2004gs,53377.22471,18.393,0.015,,V,,,2010AJ....139..519C
SN2004gs,53377.22471,19.180,0.019,,g,,,2010AJ....139..519C
SN2004gs,53377.22471,17.882,0.014,,i,,,2010AJ....139..519C
SN2004gs,53377.22471,17.848,0.011,,r,,,2010AJ....139..519C
SN2004gs,53377.22471,20.801,0.176,,u,,,2010AJ....139..519C
SN2004gs,53378.27950,17.716,0.043,,H,,,2010AJ....139..519C
SN2004gs,53378.27950,18.104,0.032,,J,,,2010AJ....139..519C
SN2004gs,53378.27950,17.163,0.021,,Y,,,2010AJ....139..519C
SN2004gs,53380.25499,19.822,0.031,,B,,,2010AJ....139..519C
SN2004gs,53380.25499,18.677,0.036,,V,,,2010AJ....139..519C
SN2004gs,53380.25499,19.396,0.030,,g,,,2010AJ....139..519C
SN2004gs,53380.25499,18.110,0.036,,i,,,2010AJ....139..519C
SN2004gs,53380.25499,18.177,0.023,,r,,,2010AJ....139..519C
SN2004gs,53380.25499,20.855,0.168,,u,,,2010AJ....139..519C
SN2004gs,53381.23719,19.915,0.031,,B,,,2010AJ....139..519C
SN2004gs,53381.23719,18.714,0.027,,V,,,2010AJ....139..519C
SN2004gs,53381.23719,19.493,0.024,,g,,,2010AJ....139..519C
SN2004gs,53381.23719,18.100,0.130,,i,,,2010AJ....139..519C
SN2004gs,53383.25416,20.039,0.031,,B,,,2010AJ....139..519C
SN2004gs,53383.25416,18.890,0.022,,V,,,2010AJ....139..519C
SN2004gs,53383.25416,19.601,0.027,,g,,,2010AJ....139..519C
SN2004gs,53383.25416,18.386,0.048,,i,,,2010AJ....139..519C
SN2004gs,53383.25416,18.431,0.021,,r,,,2010AJ....139..519C
SN2004gs,53383.25416,21.081,0.139,,u,,,2010AJ....139..519C
SN2004gs,53384.20618,18.978,0.037,,V,,,2010AJ....139..519C
SN2004gs,53384.20618,19.721,0.081,,g,,,2010AJ....139..519C
SN2004gs,53384.20618,18.501,0.022,,i,,,2010AJ....139..519C
SN2004gs,53384.20618,18.523,0.025,,r,,,2010AJ....139..519C
SN2004gs,53384.20618,21.133,0.113,,u,,,2010AJ....139..519C
SN2004gs,53385.24569,20.130,0.022,,B,,,2010AJ....139..519C
SN2004gs,53385.24569,18.128,0.034,,H,,,2010AJ....139..519C
SN2004gs,53385.24569,18.592,0.027,,J,,,2010AJ....139..519C
SN2004gs,53385.24569,19.026,0.019,,V,,,2010AJ....139..519C
SN2004gs,53385.24569,17.507,0.013,,Y,,,2010AJ....139..519C
SN2004gs,53385.24569,19.815,0.026,,g,,,2010AJ....139..519C
SN2004gs,53385.24569,18.578,0.018,,i,,,2010AJ....139..519C
SN2004gs,53385.24569,18.553,0.013,,r,,,2010AJ....139..519C
SN2004gs,53385.24569,21.221,0.087,,u,,,2010AJ....139..519C
SN2004gs,53386.22266,20.153,0.025,,B,,,2010AJ....139..519C
SN2004gs,53386.22266,19.074,0.021,,V,,,2010AJ....139..519C
SN2004gs,53386.22266,19.774,0.023,,g,,,2010AJ....139..519C
SN2004gs,53386.22266,18.662,0.019,,i,,,2010AJ....139..519C
SN2004gs,53386.22266,18.620,0.014,,r,,,2010AJ....139..519C
SN2004gs,53386.22266,21.142,0.078,,u,,,2010AJ....139..519C
SN2004gs,53387.23879,20.223,0.032,,B,,,2010AJ....139..519C
SN2004gs,53387.23879,19.092,0.026,,V,,,2010AJ....139..519C
SN2004gs,53387.23879,19.890,0.034,,g,,,2010AJ....139..519C
SN2004gs,53387.23879,18.750,0.032,,i,,,2010AJ....139..519C
SN2004gs,53387.23879,18.668,0.017,,r,,,2010AJ....139..519C
SN2004gs,53387.23879,21.373,0.154,,u,,,2010AJ....139..519C
SN2004gs,53388.22415,20.294,0.040,,B,,,2010AJ....139..519C
SN2004gs,53388.22415,18.392,0.050,,H,,,2010AJ....139..519C
SN2004gs,53388.22415,18.867,0.037,,J,,,2010AJ....139..519C
SN2004gs,53388.22415,19.222,0.029,,V,,,2010AJ....139..519C
SN2004gs,53388.22415,17.724,0.013,,Y,,,2010AJ....139..519C
SN2004gs,53388.22415,19.847,0.030,,g,,,2010AJ....139..519C
SN2004gs,53388.22415,18.728,0.027,,i,,,2010AJ....139..519C
SN2004gs,53388.22415,18.691,0.017,,r,,,2010AJ....139..519C
SN2004gs,53388.22415,21.208,0.138,,u,,,2010AJ....139..519C
SN2004gs,53389.19151,20.305,0.053,,B,,,2010AJ....139..519C
SN2004gs,53389.19151,19.246,0.031,,V,,,2010AJ....139..519C
SN2004gs,53389.19151,19.912,0.036,,g,,,2010AJ....139..519C
SN2004gs,53389.19151,18.810,0.031,,i,,,2010AJ....139..519C
SN2004gs,53389.19151,18.736,0.019,,r,,,2010AJ....139..519C
SN2004gs,53389.19151,21.515,0.258,,u,,,2010AJ....139..519C
SN2004gs,53390.18118,20.278,0.049,,B,,,2010AJ....139..519C
SN2004gs,53390.18118,18.500,0.053,,H,,,2010AJ....139..519C
SN2004gs,53390.18118,19.026,0.032,,J,,,2010AJ....139..519C
SN2004gs,53390.18118,19.250,0.027,,V,,,2010AJ....139..519C
SN2004gs,53390.18118,17.880,0.022,,Y,,,2010AJ....139..519C
SN2004gs,53390.18118,19.943,0.073,,g,,,2010AJ....139..519C
SN2004gs,53390.18118,18.930,0.036,,i,,,2010AJ....139..519C
SN2004gs,53390.18118,18.770,0.026,,r,,,2010AJ....139..519C
SN2004gs,53391.14211,20.249,0.072,,B,,,2010AJ....139..519C
SN2004gs,53391.14211,19.265,0.041,,V,,,2010AJ....139..519C
SN2004gs,53391.14211,19.952,0.081,,g,,,2010AJ....139..519C
SN2004gs,53391.14211,18.975,0.036,,i,,,2010AJ....139..519C
SN2004gs,53391.14211,18.868,0.030,,r,,,2010AJ....139..519C
SN2004gs,53392.17681,20.163,0.097,,B,,,2010AJ....139..519C
SN2004gs,53392.17681,19.260,0.095,,V,,,2010AJ....139..519C
SN2004gs,53392.17681,20.074,0.104,,g,,,2010AJ....139..519C
SN2004gs,53392.17681,18.982,0.051,,i,,,2010AJ....139..519C
SN2004gs,53392.17681,18.863,0.033,,r,,,2010AJ....139..519C
SN2004gs,53393.22352,20.286,0.216,,B,,,2010AJ....139..519C
SN2004gs,53393.22352,19.341,0.131,,V,,,2010AJ....139..519C
SN2004gs,53393.22352,18.019,0.020,,Y,,,2010AJ....139..519C
SN2004gs,53393.22352,18.834,0.062,,r,,,2010AJ....139..519C
SN2004gs,53394.22991,20.354,0.161,,B,,,2010AJ....139..519C
SN2004gs,53394.22991,19.437,0.080,,V,,,2010AJ....139..519C
SN2004gs,53394.22991,18.969,0.056,,r,,,2010AJ....139..519C
SN2004gs,53398.17012,20.348,0.107,,B,,,2010AJ....139..519C
SN2004gs,53398.17012,19.471,0.045,,V,,,2010AJ....139..519C
SN2004gs,53398.17012,20.059,0.072,,g,,,2010AJ....139..519C
SN2004gs,53398.17012,19.243,0.036,,i,,,2010AJ....139..519C
SN2004gs,53398.17012,19.097,0.027,,r,,,2010AJ....139..519C
SN2004gs,53400.12903,20.498,0.059,,B,,,2010AJ....139..519C
SN2004gs,53400.12903,19.550,0.032,,V,,,2010AJ....139..519C
SN2004gs,53400.12903,20.176,0.039,,g,,,2010AJ....139..519C
SN2004gs,53400.12903,19.383,0.030,,i,,,2010AJ....139..519C
SN2004gs,53400.12903,19.153,0.015,,r,,,2010AJ....139..519C
SN2004gs,53403.15337,20.571,0.031,,B,,,2010AJ....139..519C
SN2004gs,53403.15337,19.644,0.017,,V,,,2010AJ....139..519C
SN2004gs,53403.15337,20.228,0.020,,g,,,2010AJ....139..519C
SN2004gs,53403.15337,19.471,0.018,,i,,,2010AJ....139..519C
SN2004gs,53403.15337,19.264,0.011,,r,,,2010AJ....139..519C
SN2004gs,53404.18979,19.234,0.129,,H,,,2010AJ....139..519C
SN2004gs,53404.18979,20.174,0.081,,J,,,2010AJ....139..519C
SN2004gs,53404.18979,18.591,0.021,,Y,,,2010AJ....139..519C
SN2004gs,53406.16067,20.622,0.025,,B,,,2010AJ....139..519C
SN2004gs,53406.16067,19.703,0.016,,V,,,2010AJ....139..519C
SN2004gs,53406.16067,20.308,0.019,,g,,,2010AJ....139..519C
SN2004gs,53406.16067,19.591,0.020,,i,,,2010AJ....139..519C
SN2004gs,53406.16067,19.380,0.013,,r,,,2010AJ....139..519C
SN2004gs,53407.18226,20.658,0.050,,B,,,2010AJ....139..519C
SN2004gs,53407.18226,19.728,0.023,,V,,,2010AJ....139..519C
SN2004gs,53407.18226,20.319,0.019,,g,,,2010AJ....139..519C
SN2004gs,53407.18226,19.632,0.021,,i,,,2010AJ....139..519C
SN2004gs,53407.18226,19.361,0.014,,r,,,2010AJ....139..519C
SN2004gs,53408.16589,20.699,0.030,,B,,,2010AJ....139..519C
SN2004gs,53408.16589,19.785,0.016,,V,,,2010AJ....139..519C
SN2004gs,53408.16589,20.340,0.019,,g,,,2010AJ....139..519C
SN2004gs,53408.16589,19.674,0.024,,i,,,2010AJ....139..519C
SN2004gs,53408.16589,19.433,0.014,,r,,,2010AJ....139..519C
SN2004gs,53409.16199,20.671,0.029,,B,,,2010AJ....139..519C
SN2004gs,53409.16199,19.804,0.021,,V,,,2010AJ....139..519C
SN2004gs,53409.16199,20.336,0.024,,g,,,2010AJ....139..519C
SN2004gs,53409.16199,19.687,0.022,,i,,,2010AJ....139..519C
SN2004gs,53409.16199,19.462,0.012,,r,,,2010AJ....139..519C
SN2004gs,53410.17931,20.722,0.031,,B,,,2010AJ....139..519C
SN2004gs,53410.17931,19.856,0.019,,V,,,2010AJ....139..519C
SN2004gs,53410.17931,20.360,0.017,,g,,,2010AJ....139..519C
SN2004gs,53410.17931,19.734,0.026,,i,,,2010AJ....139..519C
SN2004gs,53410.17931,19.524,0.013,,r,,,2010AJ....139..519C
SN2004gs,53411.16352,20.780,0.047,,B,,,2010AJ....139..519C
SN2004gs,53411.16352,19.827,0.022,,V,,,2010AJ....139..519C
SN2004gs,53411.16352,20.349,0.020,,g,,,2010AJ....139..519C
SN2004gs,53411.16352,19.779,0.033,,i,,,2010AJ....139..519C
SN2004gs,53411.16352,19.563,0.017,,r,,,2010AJ....139..519C
SN2004gs,53412.15753,20.669,0.052,,B,,,2010AJ....139..519C
SN2004gs,53412.15753,19.846,0.024,,V,,,2010AJ....139..519C
SN2004gs,53412.15753,20.360,0.022,,g,,,2010AJ....139..519C
SN2004gs,53412.15753,19.876,0.032,,i,,,2010AJ....139..519C
SN2004gs,53412.15753,19.594,0.020,,r,,,2010AJ....139..519C
SN2004gs,53413.14535,19.586,0.092,,H,,,2010AJ....139..519C
SN2004gs,53413.14535,20.387,0.128,,J,,,2010AJ....139..519C
SN2004gs,53413.14535,18.995,0.032,,Y,,,2010AJ....139..519C
SN2004gs,53415.15713,20.787,0.027,,B,,,2010AJ....139..519C
SN2004gs,53415.15713,19.970,0.017,,V,,,2010AJ....139..519C
SN2004gs,53415.15713,20.417,0.017,,g,,,2010AJ....139..519C
SN2004gs,53415.15713,19.894,0.022,,i,,,2010AJ....139..519C
SN2004gs,53415.15713,19.684,0.014,,r,,,2010AJ....139..519C
SN2004gs,53416.18189,20.844,0.029,,B,,,2010AJ....139..519C
SN2004gs,53416.18189,20.001,0.018,,V,,,2010AJ....139..519C
SN2004gs,53416.18189,20.438,0.021,,g,,,2010AJ....139..519C
SN2004gs,53416.18189,19.996,0.034,,i,,,2010AJ....139..519C
SN2004gs,53416.18189,19.726,0.017,,r,,,2010AJ....139..519C
SN2004gs,53417.14190,20.817,0.038,,B,,,2010AJ....139..519C
SN2004gs,53417.14190,20.053,0.027,,V,,,2010AJ....139..519C
SN2004gs,53417.14190,20.445,0.018,,g,,,2010AJ....139..519C
SN2004gs,53417.14190,19.981,0.026,,i,,,2010AJ....139..519C
SN2004gs,53417.14190,19.756,0.016,,r,,,2010AJ....139..519C
SN2004gs,53418.13998,20.800,0.047,,B,,,2010AJ....139..519C
SN2004gs,53418.13998,20.026,0.027,,V,,,2010AJ....139..519C
SN2004gs,53418.13998,20.439,0.025,,g,,,2010AJ....139..519C
SN2004gs,53418.13998,20.021,0.035,,i,,,2010AJ....139..519C
SN2004gs,53418.13998,19.810,0.019,,r,,,2010AJ....139..519C
SN2004gs,53419.20565,20.811,0.049,,B,,,2010AJ....139..519C
SN2004gs,53419.20565,20.013,0.029,,V,,,2010AJ....139..519C
SN2004gs,53419.20565,20.504,0.021,,g,,,2010AJ....139..519C
SN2004gs,53419.20565,20.008,0.045,,i,,,2010AJ....139..519C
SN2004gs,53419.20565,19.854,0.019,,r,,,2010AJ....139..519C
SN2004gs,53420.14439,20.142,0.055,,V,,,2010AJ....139..519C
SN2004gs,53420.14439,20.105,0.047,,i,,,2010AJ....139..519C
SN2004gs,53420.14439,19.802,0.096,,r,,,2010AJ....139..519C
SN2004gs,53421.18429,20.727,0.202,,B,,,2010AJ....139..519C
SN2004gs,53421.18429,20.080,0.115,,V,,,2010AJ....139..519C
SN2004gs,53424.13347,20.347,0.173,,V,,,2010AJ....139..519C
SN2004gs,53424.13347,20.228,0.121,,i,,,2010AJ....139..519C
SN2004gs,53425.11610,20.306,0.130,,V,,,2010AJ....139..519C
SN2004gs,53425.11610,20.252,0.116,,i,,,2010AJ....139..519C
SN2004gs,53425.11610,19.964,0.065,,r,,,2010AJ....139..519C
SN2004gs,53426.12329,20.867,0.153,,B,,,2010AJ....139..519C
SN2004gs,53426.12329,20.321,0.082,,V,,,2010AJ....139..519C
SN2004gs,53426.12329,20.286,0.066,,i,,,2010AJ....139..519C
SN2004gs,53426.12329,20.102,0.060,,r,,,2010AJ....139..519C
SN2004gs,53427.11171,21.136,0.201,,B,,,2010AJ....139..519C
SN2004gs,53427.11171,20.123,0.064,,V,,,2010AJ....139..519C
SN2004gs,53427.11171,20.572,0.066,,g,,,2010AJ....139..519C
SN2004gs,53427.11171,20.419,0.079,,i,,,2010AJ....139..519C
SN2004gs,53427.11171,20.104,0.045,,r,,,2010AJ....139..519C
SN2004gs,53428.06492,20.186,0.180,,V,,,2010AJ....139..519C
SN2004gs,53429.07857,20.959,0.067,,B,,,2010AJ....139..519C
SN2004gs,53429.07857,20.326,0.038,,V,,,2010AJ....139..519C
SN2004gs,53429.07857,20.673,0.071,,g,,,2010AJ....139..519C
SN2004gs,53429.07857,20.186,0.072,,r,,,2010AJ....139..519C
SN2004gs,53432.18089,21.161,0.081,,B,,,2010AJ....139..519C
SN2004gs,53432.18089,20.333,0.044,,V,,,2010AJ....139..519C
SN2004gs,53432.18089,20.699,0.039,,g,,,2010AJ....139..519C
SN2004gs,53432.18089,20.457,0.073,,i,,,2010AJ....139..519C
SN2004gs,53432.18089,20.302,0.036,,r,,,2010AJ....139..519C
SN2004gs,53444.07251,21.316,0.045,,B,,,2010AJ....139..519C
SN2004gs,53444.07251,20.585,0.030,,V,,,2010AJ....139..519C
SN2004gs,53444.07251,20.872,0.025,,g,,,2010AJ....139..519C
SN2004gs,53444.07251,20.971,0.063,,i,,,2010AJ....139..519C
SN2004gs,53444.07251,20.675,0.032,,r,,,2010AJ....139..519C
SN2004gs,53445.07448,21.267,0.043,,B,,,2010AJ....139..519C
SN2004gs,53445.07448,20.686,0.033,,V,,,2010AJ....139..519C
SN2004gs,53445.07448,20.927,0.032,,g,,,2010AJ....139..519C
SN2004gs,53445.07448,20.884,0.060,,i,,,2010AJ....139..519C
SN2004gs,53445.07448,20.755,0.033,,r,,,2010AJ....139..519C
SN2004gs,53446.07116,21.258,0.063,,B,,,2010AJ....139..519C
SN2004gs,53446.07116,20.688,0.051,,V,,,2010AJ....139..519C
SN2004gs,53446.07116,20.959,0.045,,g,,,2010AJ....139..519C
SN2004gs,53446.07116,21.051,0.086,,i,,,2010AJ....139..519C
SN2004gs,53446.07116,20.812,0.045,,r,,,2010AJ....139..519C
SN2004gs,53455.06419,21.523,0.317,,B,,,2010AJ....139..519C
SN2004gs,53455.06419,20.834,0.158,,V,,,2010AJ....139..519C
SN2004gs,53455.06419,21.125,0.151,,i,,,2010AJ....139..519C
SN2004gs,53455.06419,21.067,0.143,,r,,,2010AJ....139..519C
SN2004gs,53461.02601,21.017,0.057,,V,,,2010AJ....139..519C
SN2004gs,53461.02601,21.157,0.038,,g,,,2010AJ....139..519C
SN2004gs,53461.02601,21.376,0.093,,i,,,2010AJ....139..519C
SN2004gs,53461.02601,21.356,0.063,,r,,,2010AJ....139..519C